{"cameraMode":{"drawMode":0,"name":"Shaded","section":"Shading Mode"},"sceneLighting":true,"audioPlay":false,"sceneViewState":{"m_AlwaysRefresh":false,"showFog":true,"showSkybox":true,"showFlares":true,"showImageEffects":true,"showParticleSystems":true,"showVisualEffectGraphs":true,"m_FxEnabled":true},"in2DMode":false,"pivot":{"x":1231.65478515625,"y":497.60089111328127,"z":3937.86669921875},"rotation":{"x":-0.028489824384450914,"y":-0.023394694551825525,"z":0.0006154201691970229,"w":-0.9993649125099182},"size":2820.64501953125,"orthographic":false}